Brands,Month,Visitors
Pepsico INC,Jan,16000
Nestle,Jan,13000
Kellogg Company,Jan,17000
Compbell Coup Co,Jan,7000
Mondeleze International INC,Jan,10000
Hershey's,Jan,15000
Cadbury,Jan,15000
Ferrero,Jan,12000
Brookside,Jan,10000
Pepsico INC,Feb,14000
Nestle,Feb,11000
Kellogg Company,Feb,16000
Compbell Coup Co,Feb,6000
Mondeleze International INC,Feb,11000
Hershey's,Feb,14000
Cadbury,Feb,14000
Ferrero,Feb,11000
Brookside,Feb,9000
Pepsico INC,Mar,13000
Nestle,Mar,10000
Kellogg Company,Mar,15000
Compbell Coup Co,Mar,5000
Mondeleze International INC,Mar,10000
Hershey's,Mar,14000
Cadbury,Mar,13000
Ferrero,Mar,9000
Brookside,Mar,6000
Pepsico INC,Apr,7000
Nestle,Apr,6000
Kellogg Company,Apr,11000
Compbell Coup Co,Apr,6900
Mondeleze International INC,Apr,12000
Hershey's,Apr,4000
Cadbury,Apr,5000
Ferrero,Apr,7000
Brookside,Apr,8000
Pepsico INC,May,16000
Nestle,May,12000
Kellogg Company,May,5000
Compbell Coup Co,May,4000
Mondeleze International INC,May,7000
Hershey's,May,8000
Cadbury,May,9000
Ferrero,May,6000
Brookside,May,5000
